instId,direction,realizedPnl,posId,uTime,opened_at,type,exit_price,entry_price,contracts,reason,signal_reason
ETH-USDT-SWAP,short,5.6506481089601275,pos3,1787309983139,1787299183139,2,3073.8100000000004,3133.4200961376705,1,止盈,"空信号: close 3133.4<EMA50 3235.7, 阴线实体68%, MACD dif<dea"
ETH-USDT-SWAP,short,-3.7872616326165796,pos8,1787318083139,1787316283139,2,3058.0800000000004,3023.2480476976834,1,止损,"空信号: close 3023.3<EMA50 3152.6, 阴线实体98%, MACD dif<dea"
BTC-USDT-SWAP,long,19.734355728686953,pos9,1787320783139,1787311783139,2,77829.09999999999,75778.86044690784,1,止盈,"多信号: close 75778.8>EMA50 72782.8, 阳线实体68%, MACD dif>dea"
BTC-USDT-SWAP,long,-15.216144407972724,pos12,1787333383139,1787320783139,2,76765.3,78209.42707725865,1,止损,"多信号: close 78209.3>EMA50 74082.1, 阳线实体82%, MACD dif>dea"
ETH-USDT-SWAP,short,-4.925361517952583,pos15,1787339683139,1787337883139,2,3010.4100000000003,2964.1436616513,1,止损,"空信号: close 2964.2<EMA50 3071.6, 阴线实体90%, MACD dif<dea"
ETH-USDT-SWAP,long,7.022537079128222,pos20,1787346883139,1787345083139,2,3139.18,3065.8521131521416,1,止盈,"多信号: close 3065.8>EMA50 3055.3, 阳线实体63%, MACD dif>dea"
BTC-USDT-SWAP,short,9.621662683771953,pos23,1787350483139,1787345983139,2,74650.1,75687.43503589515,1,止盈,"空信号: close 75687.5<EMA50 75907.2, 阴线实体83%, MACD dif<dea"
ETH-USDT-SWAP,long,-7.0550123119456405,pos24,1787355883139,1787349583139,2,3054.73,3122.1916622883123,1,止损,"多信号: close 3122.2>EMA50 3062.6, 阳线实体49%, MACD dif>dea"
BTC-USDT-SWAP,short,9.037508886974267,pos29,1787360383139,1787355883139,2,73949.70000000001,74927.88968353921,1,止盈,"空信号: close 74928.0<EMA50 75581.1, 阴线实体67%, MACD dif<dea"
ETH-USDT-SWAP,short,0.6686321051812754,pos32,1787361283139,1787359483139,2,3048.9700000000003,3058.710161132379,1,止损,"空信号: close 3058.7<EMA50 3074.2, 阴线实体53%, MACD dif<dea"
BTC-USDT-SWAP,short,8.632537386840102,pos35,1787367583139,1787360383139,2,73052.90000000001,73989.67502619712,1,止盈,"空信号: close 73989.8<EMA50 75364.7, 阴线实体73%, MACD dif<dea"
ETH-USDT-SWAP,short,9.447643321656244,pos36,1787368483139,1787363083139,2,2932.8100000000004,3030.267972202664,1,止盈,"空信号: close 3030.3<EMA50 3069.1, 阴线实体67%, MACD dif<dea"
BTC-USDT-SWAP,short,8.586929839209294,pos41,1787377483139,1787373883139,2,71631.3,72562.08967876031,1,止盈,"空信号: close 72562.2<EMA50 74448.5, 阴线实体54%, MACD dif<dea"
ETH-USDT-SWAP,short,1.5942175527229445,pos44,1787384683139,1787371183139,2,2897.1800000000003,2916.0287799171883,1,止损,"空信号: close 2916.0<EMA50 3036.9, 阴线实体59%, MACD dif<dea"
BTC-USDT-SWAP,short,9.618267101774356,pos45,1787386483139,1787380183139,2,69931.70000000001,70963.97454745117,1,止盈,"空信号: close 70964.1<EMA50 73750.1, 阴线实体82%, MACD dif<dea"
BTC-USDT-SWAP,short,8.83210383912617,pos48,1787392783139,1787386483139,2,68672.50000000001,69624.85906344435,1,止盈,"空信号: close 69625.0<EMA50 72929.9, 阴线实体62%, MACD dif<dea"
BTC-USDT-SWAP,short,7.195814055185367,pos51,1787399983139,1787394583139,2,67786.90000000001,68574.66218661185,1,止盈,"空信号: close 68574.8<EMA50 71763.0, 阴线实体50%, MACD dif<dea"
ETH-USDT-SWAP,long,6.517291815352866,pos54,1787408983139,1787404483139,2,3009.6499999999996,2941.5015060934243,1,止盈,"多信号: close 2941.5>EMA50 2931.7, 阳线实体94%, MACD dif>dea"
ETH-USDT-SWAP,long,2.758046893694176,pos57,1787423383139,1787409883139,2,3048.58,3017.966257934091,1,止损,"多信号: close 3018.0>EMA50 2944.6, 阳线实体50%, MACD dif>dea"
ETH-USDT-SWAP,long,0.4044590281250341,pos62,1787434183139,1787425183139,2,3094.77,3087.634207614942,1,止损,"多信号: close 3087.6>EMA50 2994.4, 阳线实体58%, MACD dif>dea"
BTC-USDT-SWAP,short,11.162476035373723,pos63,1787438683139,1787433283139,2,64999.1,66180.93762234855,1,止盈,"空信号: close 66181.0<EMA50 67983.1, 阴线实体50%, MACD dif<dea"
BTC-USDT-SWAP,short,-8.732345168920919,pos66,1787446783139,1787438683139,2,65785.90000000001,64978.047456836335,1,止损,"空信号: close 64978.1<EMA50 67438.9, 阴线实体53%, MACD dif<dea"
ETH-USDT-SWAP,long,0.6252901629609879,pos69,1787456683139,1787453083139,2,3183.18,3173.7486340533633,1,止损,"多信号: close 3173.7>EMA50 3084.4, 阳线实体45%, MACD dif>dea"
ETH-USDT-SWAP,long,7.164152667370934,pos72,1787471083139,1787457583139,2,3270.8599999999997,3195.98505080089,1,止盈,"多信号: close 3196.0>EMA50 3103.1, 阳线实体47%, MACD dif>dea"
ETH-USDT-SWAP,long,7.609788934690696,pos75,1787476483139,1787471083139,2,3375.1299999999997,3295.6966973044405,1,止盈,"多信号: close 3295.7>EMA50 3155.6, 阳线实体59%, MACD dif>dea"
BTC-USDT-SWAP,short,10.697712354118787,pos80,1787479183139,1787477383139,2,63261.8,64395.39983532955,1,止盈,"空信号: close 64395.5<EMA50 65524.1, 阴线实体57%, MACD dif<dea"
ETH-USDT-SWAP,long,2.3357747565527722,pos83,1787480983139,1787476483139,2,3403.31,3376.562316276334,1,止损,"多信号: close 3376.6>EMA50 3195.2, 阳线实体69%, MACD dif>dea"
BTC-USDT-SWAP,short,-9.934410266072057,pos84,1787494483139,1787479183139,2,64464.700000000004,63535.25895286923,1,止损,"空信号: close 63535.4<EMA50 65410.0, 阴线实体65%, MACD dif<dea"
ETH-USDT-SWAP,short,-7.124164060362249,pos89,1787508883139,1787504383139,2,3383.01,3315.1174231079317,1,止损,"空信号: close 3315.1<EMA50 3317.3, 阴线实体77%, MACD dif<dea"
BTC-USDT-SWAP,short,-11.227984373593566,pos90,1787514283139,1787498983139,2,63649.8,62590.12152340235,1,止损,"空信号: close 62590.2<EMA50 64300.1, 阴线实体78%, MACD dif<dea"
ETH-USDT-SWAP,short,-6.827148764283399,pos93,1787519683139,1787516083139,2,3374.01,3309.080057385859,1,止损,"空信号: close 3309.1<EMA50 3333.6, 阴线实体66%, MACD dif<dea"
BTC-USDT-SWAP,short,-13.38126978798983,pos96,1787522383139,1787519683139,2,63460.6,62185.29596918561,1,止损,"空信号: close 62185.4<EMA50 63304.7, 阴线实体57%, MACD dif<dea"
ETH-USDT-SWAP,short,-6.508849163432524,pos101,1787525083139,1787522383139,2,3389.2100000000005,3327.4798532923214,1,止损,"空信号: close 3327.5<EMA50 3336.4, 阴线实体49%, MACD dif<dea"
BTC-USDT-SWAP,long,16.054416158060544,pos104,1787529583139,1787522383139,2,64965.00000000001,63295.4281701089,1,止盈,"多信号: close 63295.3>EMA50 63249.1, 阳线实体63%, MACD dif>dea"
ETH-USDT-SWAP,long,7.681923435272781,pos107,1787533183139,1787525083139,2,3471.1499999999996,3390.8997407768834,1,止盈,"多信号: close 3390.9>EMA50 3339.8, 阳线实体78%, MACD dif>dea"
BTC-USDT-SWAP,long,-13.781166128624365,pos108,1787534983139,1787529583139,2,63797.50000000001,65111.16228172158,1,止损,"多信号: close 65111.1>EMA50 63507.5, 阳线实体80%, MACD dif>dea"
ETH-USDT-SWAP,long,1.2223988018890433,pos111,1787539483139,1787535883139,2,3496.5299999999997,3480.8173383119533,1,止损,"多信号: close 3480.8>EMA50 3374.6, 阳线实体45%, MACD dif>dea"
BTC-USDT-SWAP,short,-12.77330991110882,pos116,1787545783139,1787542183139,2,64709.5,63496.27189483654,1,止损,"空信号: close 63496.4<EMA50 63886.0, 阴线实体63%, MACD dif<dea"
BTC-USDT-SWAP,long,-15.955781649101525,pos119,1787552083139,1787549383139,2,63824.600000000006,65355.58807087472,1,止损,"多信号: close 65355.5>EMA50 63997.1, 阳线实体65%, MACD dif>dea"
ETH-USDT-SWAP,long,-7.342897583985438,pos120,1787553883139,1787541283139,2,3443.89,3513.840110784462,1,止损,"多信号: close 3513.8>EMA50 3402.5, 阳线实体66%, MACD dif>dea"
ETH-USDT-SWAP,short,3.1155888063963406,pos125,1787563783139,1787555683139,2,3400.26,3434.8334347813543,1,止损,"空信号: close 3434.8<EMA50 3437.5, 阴线实体54%, MACD dif<dea"
BTC-USDT-SWAP,long,7.653227349547969,pos126,1787568283139,1787559283139,2,67355.5,66523.23789609715,1,止损,"多信号: close 66523.1>EMA50 64340.5, 阳线实体54%, MACD dif>dea"
BTC-USDT-SWAP,long,-18.970973127783424,pos131,1787571883139,1787569183139,2,66778.9,68608.30371092288,1,止损,"多信号: close 68608.2>EMA50 65429.0, 阳线实体86%, MACD dif>dea"
ETH-USDT-SWAP,long,-5.847478819334707,pos132,1787571883139,1787569183139,2,3401.25,3456.296015185754,1,止损,"多信号: close 3456.3>EMA50 3427.0, 阳线实体88%, MACD dif>dea"
ETH-USDT-SWAP,long,7.202168140647572,pos137,1787632183139,1787623183139,2,3463.02,3387.573022082483,1,止盈,"多信号: close 3387.6>EMA50 3329.4, 阳线实体57%, MACD dif>dea"
BTC-USDT-SWAP,short,11.817086675909334,pos140,1787634883139,1787618683139,2,58273.9,59514.50286902545,1,止盈,"空信号: close 59514.6<EMA50 62693.7, 阴线实体61%, MACD dif<dea"
BTC-USDT-SWAP,short,11.717894797536568,pos143,1787642083139,1787635783139,2,56624.700000000004,57853.72869410071,1,止盈,"空信号: close 57853.8<EMA50 60863.0, 阴线实体56%, MACD dif<dea"
BTC-USDT-SWAP,short,11.229709879492532,pos146,1787643883139,1787642083139,2,55381.700000000004,56560.64215902877,1,止盈,"空信号: close 56560.7<EMA50 59964.1, 阴线实体75%, MACD dif<dea"
ETH-USDT-SWAP,long,6.948144024070811,pos149,1787648383139,1787632183139,2,3547.66,3474.667396061261,1,止盈,"多信号: close 3474.7>EMA50 3361.3, 阳线实体58%, MACD dif>dea"
BTC-USDT-SWAP,short,11.83883882171781,pos150,1787649283139,1787643883139,2,54255.6,55494.35886160258,1,止盈,"空信号: close 55494.5<EMA50 59636.8, 阴线实体46%, MACD dif<dea"
ETH-USDT-SWAP,short,-3.804112424414073,pos155,1787664583139,1787661883139,2,3477.4300000000003,3442.8490152634913,1,止损,"空信号: close 3442.9<EMA50 3457.5, 阴线实体92%, MACD dif<dea"
BTC-USDT-SWAP,short,14.485635508665016,pos158,1787670883139,1787662783139,2,50610.6,52110.52411292296,1,止盈,"空信号: close 52110.6<EMA50 56481.0, 阴线实体55%, MACD dif<dea"
ETH-USDT-SWAP,long,5.028070344959287,pos161,1787671783139,1787668183139,2,3581.62,3527.7845942532804,1,止盈,"多信号: close 3527.8>EMA50 3461.5, 阳线实体95%, MACD dif>dea"
ETH-USDT-SWAP,long,5.998886527784494,pos164,1787676283139,1787671783139,2,3640.0299999999997,3576.4329032705195,1,止盈,"多信号: close 3576.4>EMA50 3474.9, 阳线实体64%, MACD dif>dea"
ETH-USDT-SWAP,long,2.9358871280419985,pos167,1787680783139,1787676283139,2,3682.68,3649.6549612389604,1,止损,"多信号: close 3649.6>EMA50 3500.7, 阳线实体94%, MACD dif>dea"
BTC-USDT-SWAP,short,4.73638693664101,pos168,1787684383139,1787670883139,2,50271.700000000004,50795.87247990406,1,止损,"空信号: close 50796.0<EMA50 55004.8, 阴线实体50%, MACD dif<dea"
ETH-USDT-SWAP,long,7.497760949883246,pos171,1787690683139,1787685283139,2,3784.5,3705.77725187523,1,止盈,"多信号: close 3705.8>EMA50 3561.6, 阳线实体61%, MACD dif>dea"
ETH-USDT-SWAP,long,7.005600954786457,pos174,1787696083139,1787692483139,2,3879.7799999999997,3805.881159872199,1,止盈,"多信号: close 3805.9>EMA50 3614.4, 阳线实体53%, MACD dif>dea"
BTC-USDT-SWAP,long,-7.924768913913624,pos179,1787706883139,1787703283139,2,50914.4,51655.59189544364,1,止损,"多信号: close 51655.5>EMA50 51622.6, 阳线实体58%, MACD dif>dea"
BTC-USDT-SWAP,long,-8.046579971802338,pos182,1787710483139,1787706883139,2,50826.700000000004,51580.15456989529,1,止损,"多信号: close 51580.1>EMA50 51578.4, 阳线实体53%, MACD dif>dea"
ETH-USDT-SWAP,long,7.924980846481011,pos183,1787713183139,1787697883139,2,3971.5099999999998,3888.33027139949,1,止盈,"多信号: close 3888.3>EMA50 3663.7, 阳线实体79%, MACD dif>dea"
BTC-USDT-SWAP,short,1.9895095680848436,pos186,1787719483139,1787714083139,2,50946.700000000004,51196.72266814256,1,止损,"空信号: close 51196.8<EMA50 51472.2, 阴线实体70%, MACD dif<dea"
BTC-USDT-SWAP,short,8.193868913877155,pos191,1787733883139,1787724883139,2,49876.9,50746.59864070807,1,止盈,"空信号: close 50746.7<EMA50 51230.2, 阴线实体56%, MACD dif<dea"
BTC-USDT-SWAP,short,-8.006841659538674,pos194,1787736583139,1787733883139,2,50707.200000000004,49956.847857975124,1,止损,"空信号: close 49956.9<EMA50 51036.1, 阴线实体61%, MACD dif<dea"
ETH-USDT-SWAP,long,-5.705647215989943,pos195,1787736583139,1787730283139,2,3995.94,4048.9740151523233,1,止损,"多信号: close 4049.0>EMA50 3888.6, 阳线实体78%, MACD dif>dea"
BTC-USDT-SWAP,short,-7.840677617224313,pos200,1787745583139,1787737483139,2,51164.6,50431.33020337926,1,止损,"空信号: close 50431.4<EMA50 50935.6, 阴线实体53%, MACD dif<dea"
ETH-USDT-SWAP,long,-6.0097019824991955,pos201,1787745583139,1787743783139,2,4073.79,4129.7852322088875,1,止损,"多信号: close 4129.8>EMA50 3965.7, 阳线实体64%, MACD dif>dea"
BTC-USDT-SWAP,long,8.057817590853046,pos204,1787756383139,1787752783139,2,52100.50000000001,51243.04646768086,1,止盈,"多信号: close 51242.9>EMA50 50828.3, 阳线实体45%, MACD dif>dea"
ETH-USDT-SWAP,short,0.45190537122898716,pos209,1787759983139,1787757283139,2,3992.01,4000.5253213729766,1,止损,"空信号: close 4000.5<EMA50 4001.3, 阴线实体69%, MACD dif<dea"
BTC-USDT-SWAP,long,8.54077344111375,pos210,1787761783139,1787756383139,2,53214.00000000001,52307.16207485121,1,止盈,"多信号: close 52307.1>EMA50 50977.8, 阳线实体91%, MACD dif>dea"
BTC-USDT-SWAP,long,3.007403610006321,pos215,1787768983139,1787761783139,2,53983.700000000004,53629.153212393176,1,止损,"多信号: close 53629.1>EMA50 51345.9, 阳线实体62%, MACD dif>dea"
ETH-USDT-SWAP,short,0.5891775674295172,pos216,1787768983139,1787764483139,2,3937.86,3947.6945529507707,1,止损,"空信号: close 3947.7<EMA50 3994.7, 阴线实体99%, MACD dif<dea"
ETH-USDT-SWAP,short,-8.66844865144661,pos221,1787774383139,1787771683139,2,4004.6900000000005,3921.968842906988,1,止损,"空信号: close 3922.0<EMA50 3979.0, 阴线实体73%, MACD dif<dea"
ETH-USDT-SWAP,long,11.368564699349276,pos224,1787787883139,1787781583139,2,4119.92,4002.1733063533306,1,止盈,"多信号: close 4002.2>EMA50 3969.9, 阳线实体71%, MACD dif>dea"
BTC-USDT-SWAP,long,9.768948922177314,pos227,1787789683139,1787770783139,2,55583.00000000001,54551.03808873791,1,止盈,"多信号: close 54550.9>EMA50 52236.1, 阳线实体79%, MACD dif>dea"
ETH-USDT-SWAP,long,3.264870142304056,pos228,1787791483139,1787787883139,2,4159.24,4122.450453350284,1,止损,"多信号: close 4122.4>EMA50 3991.5, 阳线实体96%, MACD dif>dea"
BTC-USDT-SWAP,long,7.963936134563715,pos233,1787804083139,1787800483139,2,57208.8,56355.6241744564,1,止盈,"多信号: close 56355.5>EMA50 54474.2, 阳线实体49%, MACD dif>dea"
ETH-USDT-SWAP,long,12.421960982163611,pos236,1787804983139,1787796883139,2,4269.68,4141.254922717006,1,止盈,"多信号: close 4141.2>EMA50 4034.7, 阳线实体46%, MACD dif>dea"
BTC-USDT-SWAP,long,7.519391753296839,pos239,1787808583139,1787804083139,2,58117.50000000001,57307.848150595026,1,止盈,"多信号: close 57307.7>EMA50 54837.2, 阳线实体100%, MACD dif>dea"
ETH-USDT-SWAP,long,0.8387803779587322,pos242,1787810383139,1787804983139,2,4277.94,4265.280585927449,1,止损,"多信号: close 4265.3>EMA50 4083.6, 阳线实体48%, MACD dif>dea"
BTC-USDT-SWAP,long,1.3405498767931452,pos243,1787812183139,1787808583139,2,58383.4,58191.05778342897,1,止损,"多信号: close 58191.0>EMA50 55372.9, 阳线实体61%, MACD dif>dea"
BTC-USDT-SWAP,long,9.330423266688955,pos246,1787817583139,1787814883139,2,60453.200000000004,59460.20097284469,1,止盈,"多信号: close 59460.1>EMA50 56238.4, 阳线实体52%, MACD dif>dea"
BTC-USDT-SWAP,long,9.44015399364847,pos251,1787831083139,1787817583139,2,61254.8,60250.032184542884,1,止盈,"多信号: close 60249.9>EMA50 56649.0, 阳线实体54%, MACD dif>dea"
ETH-USDT-SWAP,long,5.572505253475246,pos252,1787831983139,1787830183139,2,4460.68,4400.5243452926015,1,止盈,"多信号: close 4400.5>EMA50 4256.1, 阳线实体99%, MACD dif>dea"
ETH-USDT-SWAP,long,6.079812230226212,pos255,1787836483139,1787831983139,2,4527.47,4462.177054170653,1,止盈,"多信号: close 4462.2>EMA50 4270.5, 阳线实体88%, MACD dif>dea"
ETH-USDT-SWAP,long,5.906912349037857,pos258,1787840083139,1787837383139,2,4601.96,4538.320736141551,1,止盈,"多信号: close 4538.3>EMA50 4320.0, 阳线实体61%, MACD dif>dea"
BTC-USDT-SWAP,long,-9.600918106494841,pos263,1787847283139,1787841883139,2,63192.3,64088.75128500698,1,止损,"多信号: close 64088.7>EMA50 60066.1, 阳线实体77%, MACD dif>dea"
ETH-USDT-SWAP,long,6.385969608354608,pos264,1787849083139,1787840083139,2,4663.599999999999,4595.110948442232,1,止盈,"多信号: close 4595.1>EMA50 4348.5, 阳线实体47%, MACD dif>dea"
ETH-USDT-SWAP,long,5.641534341314397,pos267,1787859883139,1787849083139,2,4729.05,4667.936163505104,1,止盈,"多信号: close 4667.9>EMA50 4434.6, 阳线实体67%, MACD dif>dea"
BTC-USDT-SWAP,long,4.5407102089479014,pos270,1787867083139,1787860783139,2,64906.9,64388.18143838602,1,止损,"多信号: close 64388.1>EMA50 61917.3, 阳线实体61%, MACD dif>dea"
BTC-USDT-SWAP,long,-13.011625470386617,pos275,1787887783139,1787885083139,2,65710.7,66945.53442982375,1,止损,"多信号: close 66945.4>EMA50 64166.2, 阳线实体56%, MACD dif>dea"
ETH-USDT-SWAP,long,9.876725522185966,pos276,1787889583139,1787882383139,2,4965.43,4861.74915520054,1,止盈,"多信号: close 4861.7>EMA50 4685.1, 阳线实体55%, MACD dif>dea"
ETH-USDT-SWAP,long,-8.725261387982972,pos279,1787891383139,1787889583139,2,4892.42,4974.739034362648,1,止损,"多信号: close 4974.7>EMA50 4741.3, 阳线实体47%, MACD dif>dea"
BTC-USDT-SWAP,short,13.150535272036102,pos284,1787913883139,1787898583139,2,62987.8,64366.53069254989,1,止盈,"空信号: close 64366.6<EMA50 64749.3, 阴线实体80%, MACD dif<dea"
ETH-USDT-SWAP,long,9.7295880187536,pos285,1787913883139,1787903983139,2,5020.01,4917.745242191369,1,止盈,"多信号: close 4917.7>EMA50 4799.6, 阳线实体72%, MACD dif>dea"
BTC-USDT-SWAP,short,1.4762524346366077,pos290,1787924683139,1787914783139,2,62567.200000000004,62777.497592259795,1,止损,"空信号: close 62777.6<EMA50 64152.2, 阴线实体76%, MACD dif<dea"
ETH-USDT-SWAP,long,-7.9592957089595355,pos291,1787926483139,1787913883139,2,4966.71,5041.298952613289,1,止损,"多信号: close 5041.3>EMA50 4856.2, 阳线实体53%, MACD dif>dea"
BTC-USDT-SWAP,long,7.69833042267704,pos296,1787945383139,1787933683139,2,64731.3,63897.152731366616,1,止盈,"多信号: close 63897.1>EMA50 63493.9, 阳线实体69%, MACD dif>dea"
ETH-USDT-SWAP,long,-9.5558719852542,pos297,1787945383139,1787938183139,2,5073.45,5163.890049827628,1,止损,"多信号: close 5163.9>EMA50 4980.4, 阳线实体62%, MACD dif>dea"
BTC-USDT-SWAP,short,-7.771691292603692,pos300,1787962483139,1787959783139,2,64079.4,63365.95354751339,1,止损,"空信号: close 63366.1<EMA50 63986.1, 阴线实体100%, MACD dif<dea"
ETH-USDT-SWAP,long,11.10323735748024,pos305,1787966083139,1787964283139,2,5228.5199999999995,5112.3172078212865,1,止盈,"多信号: close 5112.3>EMA50 5065.2, 阳线实体77%, MACD dif>dea"
ETH-USDT-SWAP,long,12.342584747390857,pos308,1787978683139,1787966083139,2,5348.0,5219.290507272455,1,止盈,"多信号: close 5219.3>EMA50 5075.1, 阳线实体74%, MACD dif>dea"
BTC-USDT-SWAP,short,10.459797903832465,pos309,1787979583139,1787963383139,2,62283.700000000004,63392.51789933292,1,止盈,"空信号: close 63392.6<EMA50 63919.6, 阴线实体52%, MACD dif<dea"
BTC-USDT-SWAP,short,4.352590516617912,pos314,1787982283139,1787979583139,2,61605.6,62102.71320826592,1,止损,"空信号: close 62102.8<EMA50 63531.6, 阴线实体52%, MACD dif<dea"
ETH-USDT-SWAP,long,3.1197785194097927,pos315,1787984083139,1787980483139,2,5411.15,5374.559360125839,1,止损,"多信号: close 5374.5>EMA50 5168.7, 阳线实体74%, MACD dif>dea"
BTC-USDT-SWAP,short,1.7311761657500373,pos318,1787998483139,1787989483139,2,60508.8,60742.543288219116,1,止损,"空信号: close 60742.6<EMA50 62783.8, 阴线实体47%, MACD dif<dea"
ETH-USDT-SWAP,long,12.709875038349459,pos321,1788002083139,1787999383139,2,5639.16,5506.488425403803,1,止盈,"多信号: close 5506.5>EMA50 5307.4, 阳线实体47%, MACD dif>dea"
ETH-USDT-SWAP,long,-10.695638412913071,pos324,1788003883139,1788002083139,2,5528.65,5630.027045606327,1,止损,"多信号: close 5630.0>EMA50 5336.8, 阳线实体80%, MACD dif>dea"
ETH-USDT-SWAP,short,-11.809008759225696,pos327,1788012883139,1788011083139,2,5466.240000000001,5353.559812313901,1,止损,"空信号: close 5353.6<EMA50 5376.6, 阴线实体60%, MACD dif<dea"
BTC-USDT-SWAP,long,-14.135607015336449,pos332,1788023683139,1788021883139,2,59335.4,60688.94852727001,1,止损,"多信号: close 60688.8>EMA50 60566.4, 阳线实体59%, MACD dif>dea"
ETH-USDT-SWAP,short,2.81420773195817,pos335,1788028183139,1788017383139,2,5295.14,5328.593944291728,1,止损,"空信号: close 5328.6<EMA50 5379.2, 阴线实体53%, MACD dif<dea"
ETH-USDT-SWAP,short,-11.191072573695319,pos338,1788041683139,1788038983139,2,5330.3,5223.666257391743,1,止损,"空信号: close 5223.7<EMA50 5317.4, 阴线实体62%, MACD dif<dea"
ETH-USDT-SWAP,long,-10.452034133493223,pos341,1788047083139,1788042583139,2,5268.5599999999995,5367.762180244809,1,止损,"多信号: close 5367.8>EMA50 5317.9, 阳线实体87%, MACD dif>dea"
ETH-USDT-SWAP,long,-9.649208361729961,pos344,1788049783139,1788047983139,2,5228.42,5319.638054590005,1,止损,"多信号: close 5319.6>EMA50 5316.7, 阳线实体64%, MACD dif>dea"
BTC-USDT-SWAP,long,16.81462397251061,pos347,1788051583139,1788026383139,2,62488.8,60745.72034257765,1,止盈,"多信号: close 60745.6>EMA50 60509.7, 阳线实体64%, MACD dif>dea"
ETH-USDT-SWAP,short,3.745517742710083,pos350,1788057883139,1788049783139,2,5182.22,5224.878726790496,1,止损,"空信号: close 5224.9<EMA50 5311.8, 阴线实体57%, MACD dif<dea"
BTC-USDT-SWAP,long,0.7220240834621292,pos351,1788060583139,1788051583139,2,62751.700000000004,62616.8133349863,1,止损,"多信号: close 62616.7>EMA50 60931.9, 阳线实体89%, MACD dif>dea"
BTC-USDT-SWAP,long,-7.960544512181757,pos354,1788071383139,1788063283139,2,62550.4,63283.53748247694,1,止损,"多信号: close 63283.4>EMA50 61745.2, 阳线实体74%, MACD dif>dea"
ETH-USDT-SWAP,short,14.046710331876739,pos357,1788081283139,1788072283139,2,4974.59,5120.1044505440395,1,止盈,"空信号: close 5120.1<EMA50 5238.9, 阴线实体49%, MACD dif<dea"
ETH-USDT-SWAP,short,-11.555853622154938,pos360,1788085783139,1788081283139,2,5028.650000000001,4918.064821189046,1,止损,"空信号: close 4918.1<EMA50 5172.7, 阴线实体68%, MACD dif<dea"
ETH-USDT-SWAP,short,-11.356282532767112,pos365,1788095683139,1788087583139,2,5042.84,4934.265727536097,1,止损,"空信号: close 4934.3<EMA50 5116.6, 阴线实体56%, MACD dif<dea"
BTC-USDT-SWAP,long,-9.806114098783036,pos368,1788104683139,1788089383139,2,62495.200000000004,63412.857381187714,1,止损,"多信号: close 63412.8>EMA50 62554.3, 阳线实体47%, MACD dif>dea"
ETH-USDT-SWAP,short,14.240537746626677,pos371,1788108283139,1788101083139,2,4668.97,4816.1179214269805,1,止盈,"空信号: close 4816.1<EMA50 5038.6, 阴线实体53%, MACD dif<dea"
ETH-USDT-SWAP,short,12.209065830379505,pos374,1788116383139,1788110083139,2,4520.29,4646.964285446518,1,止盈,"空信号: close 4647.0<EMA50 4934.1, 阴线实体53%, MACD dif<dea"
BTC-USDT-SWAP,short,-7.427519089691644,pos377,1788121783139,1788105583139,2,63279.9,62600.088085073374,1,止损,"空信号: close 62600.2<EMA50 62814.3, 阴线实体82%, MACD dif<dea"
ETH-USDT-SWAP,short,11.26796950417677,pos378,1788122683139,1788116383139,2,4406.160000000001,4523.304427255396,1,止盈,"空信号: close 4523.3<EMA50 4849.5, 阴线实体73%, MACD dif<dea"
BTC-USDT-SWAP,short,-9.443482137305155,pos381,1788135283139,1788127183139,2,62498.4,61616.10904078988,1,止损,"空信号: close 61616.2<EMA50 62601.5, 阴线实体95%, MACD dif<dea"
BTC-USDT-SWAP,long,4.868689289485145,pos386,1788148783139,1788136183139,2,63176.4,62626.62955627335,1,止损,"多信号: close 62626.5>EMA50 62341.3, 阳线实体59%, MACD dif>dea"
ETH-USDT-SWAP,short,11.849628087313814,pos387,1788155083139,1788146083139,2,4144.64,4267.342272009143,1,止盈,"空信号: close 4267.4<EMA50 4509.5, 阴线实体85%, MACD dif<dea"
ETH-USDT-SWAP,short,9.750605071599734,pos390,1788159583139,1788155083139,2,4031.84,4133.428685058527,1,止盈,"空信号: close 4133.4<EMA50 4407.6, 阴线实体49%, MACD dif<dea"
BTC-USDT-SWAP,long,1.1124340742900447,pos393,1788173083139,1788167683139,2,64065.700000000004,63890.47850331934,1,止损,"多信号: close 63890.4>EMA50 62940.3, 阳线实体76%, MACD dif>dea"
ETH-USDT-SWAP,long,0.23727052676653917,pos398,1788192883139,1788183883139,2,4238.0199999999995,4231.412578443113,1,止损,"多信号: close 4231.4>EMA50 4219.4, 阳线实体80%, MACD dif>dea"
BTC-USDT-SWAP,long,-13.242534765814032,pos399,1788193783139,1788179383139,2,63896.00000000001,65155.72761277502,1,止损,"多信号: close 65155.6>EMA50 63543.6, 阳线实体48%, MACD dif>dea"
BTC-USDT-SWAP,short,-12.212175389983848,pos404,1788199183139,1788193783139,2,64820.5,63663.524473238234,1,止损,"空信号: close 63663.6<EMA50 64266.1, 阴线实体94%, MACD dif<dea"
ETH-USDT-SWAP,long,-5.350447185093133,pos405,1788199183139,1788195583139,2,4222.2,4271.457643029416,1,止损,"多信号: close 4271.4>EMA50 4230.7, 阳线实体58%, MACD dif>dea"
BTC-USDT-SWAP,long,16.577637788495053,pos410,1788209083139,1788201883139,2,68201.5,66476.39727251424,1,止盈,"多信号: close 66476.3>EMA50 64407.7, 阳线实体60%, MACD dif>dea"
BTC-USDT-SWAP,long,17.46852831195575,pos413,1788212683139,1788209083139,2,69725.8,67910.12920420233,1,止盈,"多信号: close 67910.0>EMA50 65091.2, 阳线实体52%, MACD dif>dea"
ETH-USDT-SWAP,short,-6.129900687105535,pos414,1788212683139,1788200083139,2,4247.38,4190.2998330454675,1,止损,"空信号: close 4190.3<EMA50 4230.5, 阴线实体50%, MACD dif<dea"
BTC-USDT-SWAP,long,18.163159186995216,pos419,1788217183139,1788212683139,2,71629.0,69741.99858200947,1,止盈,"多信号: close 69741.9>EMA50 65649.9, 阳线实体50%, MACD dif>dea"
BTC-USDT-SWAP,long,1.8255649756710142,pos422,1788219883139,1788217183139,2,71592.8,71338.77771357611,1,止损,"多信号: close 71338.7>EMA50 66541.0, 阳线实体53%, MACD dif>dea"
ETH-USDT-SWAP,long,5.634058448808397,pos423,1788220783139,1788212683139,2,4308.5199999999995,4247.901204909461,1,止盈,"多信号: close 4247.9>EMA50 4222.3, 阳线实体54%, MACD dif>dea"
ETH-USDT-SWAP,long,-5.425150612383125,pos428,1788222583139,1788220783139,2,4245.08,4295.061435406128,1,止损,"多信号: close 4295.1>EMA50 4235.8, 阳线实体46%, MACD dif>dea"
BTC-USDT-SWAP,long,2.229360905782537,pos431,1788225283139,1788221683139,2,72355.3,72060.15618133108,1,止损,"多信号: close 72060.1>EMA50 67500.0, 阳线实体59%, MACD dif>dea"
ETH-USDT-SWAP,short,6.284203284803755,pos432,1788225283139,1788222583139,2,4160.97,4228.006521108592,1,止盈,"空信号: close 4228.0<EMA50 4236.5, 阴线实体99%, MACD dif<dea"
ETH-USDT-SWAP,short,1.5637593323504189,pos435,1788233383139,1788225283139,2,4122.490000000001,4142.259968307659,1,止损,"空信号: close 4142.3<EMA50 4230.5, 阴线实体72%, MACD dif<dea"
ETH-USDT-SWAP,short,7.147440121265965,pos438,1788238783139,1788235183139,2,3998.7300000000005,4074.240886655988,1,止盈,"空信号: close 4074.3<EMA50 4186.1, 阴线实体51%, MACD dif<dea"
ETH-USDT-SWAP,short,-6.09316634490504,pos441,1788243283139,1788238783139,2,4060.6900000000005,4003.79057683937,1,止损,"空信号: close 4003.8<EMA50 4165.4, 阴线实体74%, MACD dif<dea"
ETH-USDT-SWAP,short,2.3804769902380176,pos446,1788248683139,1788244183139,2,3958.15,3985.9268083065335,1,止损,"空信号: close 3985.9<EMA50 4131.0, 阴线实体59%, MACD dif<dea"
BTC-USDT-SWAP,long,20.13493287667505,pos447,1788250483139,1788247783139,2,78132.2,76041.61980243128,1,止盈,"多信号: close 76041.5>EMA50 72065.7, 阳线实体57%, MACD dif>dea"
BTC-USDT-SWAP,long,5.20043535686011,pos450,1788254983139,1788250483139,2,79018.9,78420.13694584106,1,止损,"多信号: close 78420.0>EMA50 72640.8, 阳线实体69%, MACD dif>dea"
BTC-USDT-SWAP,long,24.25600772600967,pos453,1788270283139,1788255883139,2,82949.0,80441.7038754613,1,止盈,"多信号: close 80441.6>EMA50 74163.0, 阳线实体77%, MACD dif>dea"
ETH-USDT-SWAP,short,-12.513293273132183,pos456,1788298183139,1788293683139,2,4012.5400000000004,3891.359016777067,1,止损,"空信号: close 3891.4<EMA50 3959.5, 阴线实体67%, MACD dif<dea"
BTC-USDT-SWAP,long,10.521980288932067,pos461,1788302683139,1788299983139,2,84585.7,83449.48437891733,1,止盈,"多信号: close 83449.4>EMA50 81370.1, 阳线实体50%, MACD dif>dea"
ETH-USDT-SWAP,long,2.763477972110827,pos462,1788308983139,1788298183139,2,4067.7999999999997,4036.113263647068,1,止损,"多信号: close 4036.1>EMA50 3959.4, 阳线实体46%, MACD dif>dea"
BTC-USDT-SWAP,long,23.496098619388317,pos467,1788332383139,1788309883139,2,87147.9,84712.36000805713,1,止盈,"多信号: close 84712.3>EMA50 82046.7, 阳线实体49%, MACD dif>dea"
ETH-USDT-SWAP,long,-10.186865833519962,pos470,1788335983139,1788322483139,2,4101.13,4198.848669000699,1,止损,"多信号: close 4198.8>EMA50 4047.1, 阳线实体63%, MACD dif>dea"
BTC-USDT-SWAP,long,3.2510599863689116,pos473,1788341383139,1788334183139,2,87907.0,87494.19340466078,1,止损,"多信号: close 87494.1>EMA50 84275.1, 阳线实体84%, MACD dif>dea"
ETH-USDT-SWAP,short,-9.430753503365434,pos474,1788341383139,1788337783139,2,4094.8,4004.542136034363,1,止损,"空信号: close 4004.6<EMA50 4101.8, 阴线实体94%, MACD dif<dea"
BTC-USDT-SWAP,short,-17.326155897923886,pos479,1788349483139,1788344983139,2,86810.50000000001,85163.87159600563,1,止损,"空信号: close 85164.0<EMA50 85319.1, 阴线实体71%, MACD dif<dea"
BTC-USDT-SWAP,short,-20.13264439851229,pos482,1788357583139,1788351283139,2,86032.80000000002,84104.60426227993,1,止损,"空信号: close 84104.7<EMA50 85276.2, 阴线实体84%, MACD dif<dea"
ETH-USDT-SWAP,long,4.7398851080924675,pos483,1788357583139,1788345883139,2,4233.29,4181.683662088031,1,止损,"多信号: close 4181.7>EMA50 4100.7, 阳线实体80%, MACD dif>dea"
BTC-USDT-SWAP,long,4.643681439308533,pos488,1788365683139,1788358483139,2,87365.9,86814.44168522653,1,止损,"多信号: close 86814.3>EMA50 85209.9, 阳线实体62%, MACD dif>dea"
ETH-USDT-SWAP,short,-8.566949981548836,pos489,1788366583139,1788364783139,2,4237.1900000000005,4155.716953661343,1,止损,"空信号: close 4155.7<EMA50 4170.8, 阴线实体46%, MACD dif<dea"
ETH-USDT-SWAP,long,11.461016155067794,pos494,1788372883139,1788370183139,2,4438.37,4319.380962967838,1,止盈,"多信号: close 4319.4>EMA50 4185.9, 阳线实体53%, MACD dif>dea"
ETH-USDT-SWAP,long,-9.805600453795538,pos497,1788376483139,1788372883139,2,4336.03,4429.703137968971,1,止损,"多信号: close 4429.7>EMA50 4207.9, 阳线实体57%, MACD dif>dea"
BTC-USDT-SWAP,long,25.594327248236837,pos498,1788380083139,1788370183139,2,92417.6,89767.07493770747,1,止盈,"多信号: close 89767.0>EMA50 86503.5, 阳线实体72%, MACD dif>dea"
BTC-USDT-SWAP,long,-23.10033737222588,pos503,1788391783139,1788381883139,2,91188.9,93406.63596923796,1,止损,"多信号: close 93406.5>EMA50 88297.1, 阳线实体46%, MACD dif>dea"
ETH-USDT-SWAP,short,1.9967487267298356,pos504,1788404383139,1788390883139,2,4236.110000000001,4260.325705119859,1,止损,"空信号: close 4260.3<EMA50 4266.3, 阴线实体50%, MACD dif<dea"
ETH-USDT-SWAP,long,1.2367278678493818,pos509,1788415183139,1788411583139,2,4265.23,4248.605803419796,1,止损,"多信号: close 4248.6>EMA50 4243.5, 阳线实体72%, MACD dif>dea"
BTC-USDT-SWAP,long,-23.70033152233155,pos510,1788416083139,1788410683139,2,90362.6,92641.13128658987,1,止损,"多信号: close 92641.0>EMA50 90725.5, 阳线实体59%, MACD dif>dea"
BTC-USDT-SWAP,short,12.421978599964024,pos515,1788421483139,1788416083139,2,88856.40000000001,90188.12012005644,1,止损,"空信号: close 90188.2<EMA50 90909.6, 阴线实体57%, MACD dif<dea"
ETH-USDT-SWAP,long,1.8824675614951212,pos516,1788422383139,1788419683139,2,4289.59,4266.487285742178,1,止损,"多信号: close 4266.5>EMA50 4252.1, 阳线实体66%, MACD dif>dea"
ETH-USDT-SWAP,short,2.878751344420249,pos521,1788428683139,1788425983139,2,4178.14,4211.122144516461,1,止损,"空信号: close 4211.1<EMA50 4254.8, 阴线实体49%, MACD dif<dea"
BTC-USDT-SWAP,short,-23.593512695625265,pos524,1788435883139,1788424183139,2,89889.6,87619.00303195346,1,止损,"空信号: close 87619.1<EMA50 90339.6, 阴线实体79%, MACD dif<dea"
ETH-USDT-SWAP,short,11.679173960444922,pos527,1788446683139,1788429583139,2,3941.5800000000004,4062.373716462681,1,止盈,"空信号: close 4062.4<EMA50 4234.2, 阴线实体83%, MACD dif<dea"
ETH-USDT-SWAP,short,1.0683914184453842,pos530,1788451183139,1788446683139,2,3921.36,3935.9725804746913,1,止损,"空信号: close 3936.0<EMA50 4121.6, 阴线实体63%, MACD dif<dea"
BTC-USDT-SWAP,long,-21.071091729178544,pos531,1788473683139,1788435883139,2,88447.1,90464.75324629471,1,止损,"多信号: close 90464.7>EMA50 89610.1, 阳线实体76%, MACD dif>dea"
BTC-USDT-SWAP,short,-14.11803326976814,pos534,1788474583139,1788473683139,2,89660.80000000002,88337.99607105873,1,止损,"空信号: close 88338.1<EMA50 90180.5, 阴线实体82%, MACD dif<dea"
BTC-USDT-SWAP,short,19.95717484029418,pos539,1788489883139,1788481783139,2,85216.40000000001,87298.37487146516,1,止盈,"空信号: close 87298.5<EMA50 89719.2, 阴线实体55%, MACD dif<dea"
BTC-USDT-SWAP,short,1.8106629408128545,pos542,1788502483139,1788489883139,2,84957.80000000002,85223.95717266764,1,止损,"空信号: close 85224.1<EMA50 88754.3, 阴线实体68%, MACD dif<dea"
ETH-USDT-SWAP,short,7.780157627931158,pos543,1788506983139,1788488083139,2,3654.03,3735.52635445654,1,止盈,"空信号: close 3735.5<EMA50 3871.8, 阴线实体96%, MACD dif<dea"
BTC-USDT-SWAP,long,4.0128677652576155,pos546,1788511483139,1788506983139,2,87349.2,86860.80821936455,1,止损,"多信号: close 86860.7>EMA50 86853.0, 阳线实体61%, MACD dif>dea"
BTC-USDT-SWAP,long,-14.477159154319784,pos549,1788515983139,1788513283139,2,86738.1,88098.39766659868,1,止损,"多信号: close 88098.3>EMA50 87078.2, 阳线实体54%, MACD dif>dea"
BTC-USDT-SWAP,short,18.818440506328724,pos552,1788524083139,1788518683139,2,84014.40000000001,85981.24187156867,1,止盈,"空信号: close 85981.3<EMA50 87084.8, 阴线实体69%, MACD dif<dea"
BTC-USDT-SWAP,short,3.8004168141803327,pos557,1788532183139,1788524983139,2,83582.1,84045.95570927268,1,止损,"空信号: close 84046.1<EMA50 86538.8, 阴线实体75%, MACD dif<dea"
ETH-USDT-SWAP,short,-5.110546860741728,pos560,1788537583139,1788525883139,2,3679.67,3632.2204766308982,1,止损,"空信号: close 3632.2<EMA50 3722.3, 阴线实体52%, MACD dif<dea"
BTC-USDT-SWAP,short,-13.787720255708042,pos561,1788545683139,1788534883139,2,84349.70000000001,83054.63013949896,1,止损,"空信号: close 83054.7<EMA50 85451.8, 阴线实体66%, MACD dif<dea"
ETH-USDT-SWAP,short,-4.677406578242246,pos566,1788551983139,1788548383139,2,3643.82,3600.668178306731,1,止损,"空信号: close 3600.7<EMA50 3670.4, 阴线实体48%, MACD dif<dea"
BTC-USDT-SWAP,long,4.53430588598954,pos567,1788555583139,1788547483139,2,85745.2,85206.29366456876,1,止损,"多信号: close 85206.2>EMA50 84655.5, 阳线实体65%, MACD dif>dea"
ETH-USDT-SWAP,short,1.0526866373976103,pos572,1788559183139,1788556483139,2,3573.78,3587.8877002240883,1,止损,"空信号: close 3587.9<EMA50 3650.5, 阴线实体60%, MACD dif<dea"
BTC-USDT-SWAP,long,12.778148694383667,pos575,1788560983139,1788558283139,2,88856.8,87490.81132489919,1,止盈,"多信号: close 87490.7>EMA50 85232.0, 阳线实体81%, MACD dif>dea"
ETH-USDT-SWAP,short,5.200620294747384,pos578,1788563683139,1788560083139,2,3502.3700000000003,3557.906341118033,1,止盈,"空信号: close 3557.9<EMA50 3637.9, 阴线实体88%, MACD dif<dea"
BTC-USDT-SWAP,long,-11.679429132433436,pos581,1788565483139,1788560983139,2,87882.6,88962.12055296687,1,止损,"多信号: close 88962.0>EMA50 85602.9, 阳线实体86%, MACD dif>dea"
BTC-USDT-SWAP,long,19.195417438710468,pos584,1788567283139,1788566383139,2,92103.1,90092.46047589101,1,止盈,"多信号: close 90092.4>EMA50 86374.6, 阳线实体77%, MACD dif>dea"
BTC-USDT-SWAP,long,-17.76422133750303,pos587,1788568183139,1788567283139,2,89772.7,91458.50653048506,1,止损,"多信号: close 91458.4>EMA50 86574.0, 阳线实体51%, MACD dif>dea"
BTC-USDT-SWAP,long,-19.936565638445142,pos590,1788572683139,1788569983139,2,89931.2,91833.97397685608,1,止损,"多信号: close 91833.9>EMA50 87098.4, 阳线实体79%, MACD dif>dea"
ETH-USDT-SWAP,short,5.107118971768505,pos591,1788573583139,1788563683139,2,3436.2900000000004,3490.824747091231,1,止盈,"空信号: close 3490.8<EMA50 3621.2, 阴线实体97%, MACD dif<dea"
BTC-USDT-SWAP,short,-22.177473689740502,pos596,1788578083139,1788575383139,2,88418.00000000001,86287.60543374284,1,止损,"空信号: close 86287.7<EMA50 87555.5, 阴线实体83%, MACD dif<dea"
ETH-USDT-SWAP,short,4.844836337935884,pos597,1788578983139,1788573583139,2,3376.42,3428.2707087337258,1,止盈,"空信号: close 3428.3<EMA50 3568.3, 阴线实体80%, MACD dif<dea"
BTC-USDT-SWAP,long,22.13158974748478,pos602,1788666283139,1788661783139,2,87499.3,85199.79147951177,1,止盈,"多信号: close 85199.7>EMA50 85113.8, 阳线实体93%, MACD dif>dea"
ETH-USDT-SWAP,short,4.888178503071116,pos605,1788669883139,1788656383139,2,3241.9,3294.0497599106666,1,止盈,"空信号: close 3294.1<EMA50 3333.0, 阴线实体51%, MACD dif<dea"
BTC-USDT-SWAP,long,-18.03300383698159,pos608,1788676183139,1788666283139,2,85642.4,87359.1995839062,1,止损,"多信号: close 87359.1>EMA50 85281.7, 阳线实体52%, MACD dif>dea"
ETH-USDT-SWAP,short,1.7981508498652166,pos609,1788678883139,1788669883139,2,3200.8,3221.992904951128,1,止损,"空信号: close 3222.0<EMA50 3311.9, 阴线实体67%, MACD dif<dea"
ETH-USDT-SWAP,long,-4.327759049968529,pos614,1788688783139,1788686083139,2,3230.3799999999997,3270.4071969012343,1,止损,"多信号: close 3270.4>EMA50 3268.1, 阳线实体64%, MACD dif>dea"
BTC-USDT-SWAP,long,4.12017199772992,pos617,1788694183139,1788680683139,2,89045.5,88544.68770637382,1,止损,"多信号: close 88544.6>EMA50 86233.5, 阳线实体86%, MACD dif>dea"
BTC-USDT-SWAP,short,3.8919955802327135,pos620,1788701383139,1788697783139,2,86467.90000000001,86943.80541072864,1,止损,"空信号: close 86943.9<EMA50 87494.2, 阴线实体50%, MACD dif<dea"
ETH-USDT-SWAP,long,4.82800220037249,pos621,1788702283139,1788691483139,2,3315.8799999999997,3264.3098830547474,1,止盈,"多信号: close 3264.3>EMA50 3263.5, 阳线实体100%, MACD dif>dea"
ETH-USDT-SWAP,long,6.033311152931329,pos626,1788719383139,1788702283139,2,3380.43,3316.748299321026,1,止盈,"多信号: close 3316.7>EMA50 3263.1, 阳线实体60%, MACD dif>dea"
ETH-USDT-SWAP,long,4.58322978959261,pos629,1788720283139,1788719383139,2,3443.44,3394.188887660244,1,止盈,"多信号: close 3394.2>EMA50 3301.7, 阳线实体97%, MACD dif>dea"
ETH-USDT-SWAP,long,5.743389700362317,pos632,1788724783139,1788722983139,2,3524.81,3463.881757117818,1,止盈,"多信号: close 3463.9>EMA50 3321.7, 阳线实体95%, MACD dif>dea"
BTC-USDT-SWAP,long,10.614031466576481,pos635,1788727483139,1788708583139,2,88695.8,87546.27581543464,1,止损,"多信号: close 87546.2>EMA50 87345.9, 阳线实体46%, MACD dif>dea"
ETH-USDT-SWAP,long,0.9437256598645182,pos638,1788730183139,1788724783139,2,3533.85,3520.885375713498,1,止损,"多信号: close 3520.9>EMA50 3334.9, 阳线实体66%, MACD dif>dea"
BTC-USDT-SWAP,long,2.450355454678543,pos641,1788738283139,1788728383139,2,89723.1,89388.50865020705,1,止损,"多信号: close 89388.4>EMA50 87714.2, 阳线实体49%, MACD dif>dea"
ETH-USDT-SWAP,long,-6.242024213877867,pos644,1788741883139,1788737383139,2,3533.3399999999997,3592.1974734020773,1,止损,"多信号: close 3592.2>EMA50 3425.7, 阳线实体67%, MACD dif>dea"
BTC-USDT-SWAP,long,21.098976916116097,pos645,1788749983139,1788740083139,2,92849.9,90648.2532317725,1,止盈,"多信号: close 90648.2>EMA50 88595.9, 阳线实体69%, MACD dif>dea"
BTC-USDT-SWAP,long,-16.62553310001383,pos648,1788755383139,1788752683139,2,90808.9,92379.85893053611,1,止损,"多信号: close 92379.8>EMA50 89932.4, 阳线实体94%, MACD dif>dea"
BTC-USDT-SWAP,long,11.674623536106722,pos653,1788764383139,1788760783139,2,95147.3,93885.32133572147,1,止损,"多信号: close 93885.2>EMA50 90750.4, 阳线实体47%, MACD dif>dea"
ETH-USDT-SWAP,long,3.0592233149235115,pos656,1788770683139,1788763483139,2,3659.71,3625.475174263633,1,止损,"多信号: close 3625.5>EMA50 3531.4, 阳线实体73%, MACD dif>dea"
BTC-USDT-SWAP,long,-17.87405284182937,pos659,1788773383139,1788769783139,2,94404.8,96096.95440697945,1,止损,"多信号: close 96096.9>EMA50 92355.8, 阳线实体53%, MACD dif>dea"
ETH-USDT-SWAP,long,2.5179183475588807,pos662,1788785083139,1788772483139,2,3725.0899999999997,3696.2001714386915,1,止损,"多信号: close 3696.2>EMA50 3577.9, 阳线实体69%, MACD dif>dea"
ETH-USDT-SWAP,long,1.9186126235500123,pos665,1788790483139,1788786883139,2,3779.0099999999998,3756.0563405942025,1,止损,"多信号: close 3756.0>EMA50 3643.9, 阳线实体70%, MACD dif>dea"
ETH-USDT-SWAP,long,-4.971106170016078,pos668,1788793183139,1788791383139,2,3776.06,3821.972045677322,1,止损,"多信号: close 3822.0>EMA50 3672.4, 阳线实体70%, MACD dif>dea"
BTC-USDT-SWAP,short,-18.235791013954856,pos671,1788794983139,1788783283139,2,94269.1,92538.92491106005,1,止损,"空信号: close 92539.0<EMA50 93201.6, 阴线实体61%, MACD dif<dea"
BTC-USDT-SWAP,long,-16.97157332114064,pos674,1788795883139,1788794983139,2,92452.4,94056.30298062375,1,止损,"多信号: close 94056.2>EMA50 92998.6, 阳线实体55%, MACD dif>dea"
ETH-USDT-SWAP,long,5.838450024188217,pos675,1788797683139,1788794083139,2,3884.37,3822.132248633801,1,止盈,"多信号: close 3822.1>EMA50 3687.7, 阳线实体83%, MACD dif>dea"
ETH-USDT-SWAP,long,6.114763025970039,pos680,1788800383139,1788797683139,2,3938.52,3873.4663765520236,1,止盈,"多信号: close 3873.5>EMA50 3710.5, 阳线实体59%, MACD dif>dea"
BTC-USDT-SWAP,short,-17.53401662126146,pos683,1788803083139,1788798583139,2,93089.30000000002,91428.15706640708,1,止损,"空信号: close 91428.3<EMA50 92872.9, 阴线实体47%, MACD dif<dea"
ETH-USDT-SWAP,long,7.5824236357228445,pos684,1788803983139,1788800383139,2,4016.19,3936.3894739058187,1,止盈,"多信号: close 3936.4>EMA50 3733.0, 阳线实体64%, MACD dif>dea"
BTC-USDT-SWAP,long,-16.990797329464606,pos689,1788806683139,1788804883139,2,91293.0,92899.9832413258,1,止损,"多信号: close 92899.9>EMA50 92782.4, 阳线实体85%, MACD dif>dea"
ETH-USDT-SWAP,long,2.2333594057706994,pos690,1788810283139,1788805783139,2,4086.52,4060.113089397594,1,止损,"多信号: close 4060.1>EMA50 3788.7, 阳线实体55%, MACD dif>dea"
ETH-USDT-SWAP,short,-11.390077408042416,pos693,1788839983139,1788831883139,2,4113.77,4003.928074957055,1,止损,"空信号: close 4003.9<EMA50 4037.1, 阴线实体46%, MACD dif<dea"
BTC-USDT-SWAP,long,6.378773969963652,pos698,1788848983139,1788841783139,2,91737.3,91008.04992803962,1,止损,"多信号: close 91007.9>EMA50 90376.8, 阳线实体69%, MACD dif>dea"
ETH-USDT-SWAP,long,2.850498834427018,pos699,1788851683139,1788842683139,2,4090.9,4058.3204014550024,1,止损,"多信号: close 4058.3>EMA50 4038.4, 阳线实体81%, MACD dif>dea"
ETH-USDT-SWAP,long,10.134744515120673,pos702,1788855283139,1788852583139,2,4233.12,4127.5921987494185,1,止盈,"多信号: close 4127.6>EMA50 4062.3, 阳线实体51%, MACD dif>dea"
ETH-USDT-SWAP,long,-8.850249656763578,pos707,1788857983139,1788855283139,2,4157.79,4242.092555289991,1,止损,"多信号: close 4242.1>EMA50 4076.1, 阳线实体75%, MACD dif>dea"
BTC-USDT-SWAP,long,-20.535135507437523,pos710,1788865183139,1788855283139,2,92359.7,94319.87376386182,1,止损,"多信号: close 94319.8>EMA50 91539.4, 阳线实体52%, MACD dif>dea"
ETH-USDT-SWAP,long,-9.69602838680476,pos713,1788872383139,1788863383139,2,4151.43,4244.192472631732,1,止损,"多信号: close 4244.2>EMA50 4115.5, 阳线实体96%, MACD dif>dea"
BTC-USDT-SWAP,short,-22.763425747326888,pos714,1788875083139,1788868783139,2,93228.20000000001,91043.99352202834,1,止损,"空信号: close 91044.1<EMA50 92260.9, 阴线实体92%, MACD dif<dea"
BTC-USDT-SWAP,long,-19.207455535915646,pos719,1788924583139,1788923683139,2,98042.9,99864.6917577127,1,止损,"多信号: close 99864.6>EMA50 96275.9, 阳线实体82%, MACD dif>dea"
ETH-USDT-SWAP,short,8.349565494383672,pos720,1788928183139,1788916483139,2,4179.16,4266.878674280977,1,止盈,"空信号: close 4266.9<EMA50 4291.2, 阴线实体70%, MACD dif<dea"
BTC-USDT-SWAP,short,31.034100808356158,pos725,1788936283139,1788931783139,2,91747.40000000001,94944.155858765,1,止盈,"空信号: close 94944.3<EMA50 96637.8, 阴线实体80%, MACD dif<dea"
ETH-USDT-SWAP,short,-5.939942918078037,pos726,1788936283139,1788930883139,2,4214.780000000001,4159.567744691566,1,止损,"空信号: close 4159.6<EMA50 4257.2, 阴线实体54%, MACD dif<dea"
ETH-USDT-SWAP,long,1.1766541830751345,pos731,1788947083139,1788942583139,2,4257.36,4241.34410611619,1,止损,"多信号: close 4241.3>EMA50 4234.7, 阳线实体67%, MACD dif>dea"
ETH-USDT-SWAP,long,7.730675238822564,pos734,1788952483139,1788948883139,2,4372.16,4290.521906658445,1,止盈,"多信号: close 4290.5>EMA50 4243.3, 阳线实体86%, MACD dif>dea"
ETH-USDT-SWAP,long,9.316268049316173,pos737,1788955183139,1788952483139,2,4482.53,4384.9335877129815,1,止盈,"多信号: close 4384.9>EMA50 4257.3, 阳线实体49%, MACD dif>dea"
ETH-USDT-SWAP,long,-7.6323281701412915,pos740,1788957883139,1788955183139,2,4416.36,4488.230986208308,1,止损,"多信号: close 4488.2>EMA50 4280.6, 阳线实体55%, MACD dif>dea"
BTC-USDT-SWAP,short,10.910134704743847,pos741,1788966883139,1788936283139,2,90708.6,91890.91322708793,1,止损,"空信号: close 91891.0<EMA50 96062.2, 阴线实体73%, MACD dif<dea"
BTC-USDT-SWAP,short,24.008127203031144,pos746,1788975883139,1788970483139,2,87397.00000000001,89886.45444752689,1,止盈,"空信号: close 89886.6<EMA50 92304.6, 阴线实体68%, MACD dif<dea"
BTC-USDT-SWAP,short,25.179829281055287,pos749,1788984883139,1788975883139,2,84795.80000000002,87399.88076848979,1,止盈,"空信号: close 87400.0<EMA50 91577.1, 阴线实体56%, MACD dif<dea"
ETH-USDT-SWAP,short,12.131367744259709,pos750,1788984883139,1788974983139,2,4219.72,4345.3161955403675,1,止盈,"空信号: close 4345.3<EMA50 4350.3, 阴线实体57%, MACD dif<dea"
BTC-USDT-SWAP,short,4.096074240496378,pos753,1788987583139,1788984883139,2,83472.00000000001,83965.3260870932,1,止损,"空信号: close 83965.4<EMA50 89777.0, 阴线实体88%, MACD dif<dea"
ETH-USDT-SWAP,short,-10.619504670869052,pos758,1788998383139,1788987583139,2,4324.04,4222.118032307463,1,止损,"空信号: close 4222.1<EMA50 4325.2, 阴线实体76%, MACD dif<dea"
BTC-USDT-SWAP,short,8.577054150615131,pos761,1789001983139,1788990283139,2,82374.70000000001,83315.25039025665,1,止损,"空信号: close 83315.4<EMA50 88409.7, 阴线实体80%, MACD dif<dea"
ETH-USDT-SWAP,long,-10.78410023126005,pos762,1789013683139,1788999283139,2,4227.87,4331.431351636782,1,止损,"多信号: close 4331.4>EMA50 4291.5, 阳线实体83%, MACD dif>dea"
BTC-USDT-SWAP,long,13.210919052546425,pos767,1789033483139,1789028083139,2,85135.0,83729.47585681695,1,止盈,"多信号: close 83729.4>EMA50 83658.2, 阳线实体56%, MACD dif>dea"
BTC-USDT-SWAP,long,-13.439915681000059,pos770,1789054183139,1789037983139,2,82897.6,84158.0637362319,1,止损,"多信号: close 84158.0>EMA50 83941.5, 阳线实体55%, MACD dif>dea"
BTC-USDT-SWAP,short,-12.822905277352191,pos773,1789060483139,1789056883139,2,84855.70000000001,83657.66615534246,1,止损,"空信号: close 83657.8<EMA50 84029.1, 阴线实体70%, MACD dif<dea"
ETH-USDT-SWAP,short,-10.87554812393907,pos776,1789062283139,1789019983139,2,4409.26,4304.861579550385,1,止损,"空信号: close 4304.9<EMA50 4316.5, 阴线实体90%, MACD dif<dea"
ETH-USDT-SWAP,long,6.694644012950279,pos779,1789067683139,1789063183139,2,4494.59,4423.18467253423,1,止盈,"多信号: close 4423.2>EMA50 4312.0, 阳线实体66%, MACD dif>dea"
BTC-USDT-SWAP,long,-14.234752102085782,pos782,1789069483139,1789061383139,2,83870.6,85209.53514263727,1,止损,"多信号: close 85209.4>EMA50 84100.9, 阳线实体59%, MACD dif>dea"
ETH-USDT-SWAP,long,6.761001889290798,pos783,1789071283139,1789068583139,2,4576.94,4504.789116548817,1,止盈,"多信号: close 4504.8>EMA50 4345.6, 阳线实体77%, MACD dif>dea"
ETH-USDT-SWAP,long,-8.42226332482844,pos788,1789089283139,1789087483139,2,4649.49,4729.023376560004,1,止损,"多信号: close 4729.0>EMA50 4512.3, 阳线实体82%, MACD dif>dea"
BTC-USDT-SWAP,long,3.390564640744994,pos789,1789093783139,1789085683139,2,87562.8,87136.39393895603,1,止损,"多信号: close 87136.3>EMA50 84724.5, 阳线实体66%, MACD dif>dea"
BTC-USDT-SWAP,long,0.4230794362473654,pos792,1789097383139,1789094683139,2,87883.3,87753.17381946553,1,止损,"多信号: close 87753.1>EMA50 85717.5, 阳线实体95%, MACD dif>dea"
ETH-USDT-SWAP,long,11.858325921630614,pos795,1789109083139,1789105483139,2,4986.71,4863.201784891248,1,止盈,"多信号: close 4863.2>EMA50 4650.5, 阳线实体49%, MACD dif>dea"
ETH-USDT-SWAP,long,10.611953415590778,pos800,1789114483139,1789110883139,2,5086.49,4975.339551068558,1,止盈,"多信号: close 4975.3>EMA50 4714.8, 阳线实体73%, MACD dif>dea"
ETH-USDT-SWAP,long,0.8382023230117764,pos803,1789119883139,1789116283139,2,5144.64,5131.120096721522,1,止损,"多信号: close 5131.1>EMA50 4789.2, 阳线实体53%, MACD dif>dea"
ETH-USDT-SWAP,long,10.864409115549467,pos806,1789125283139,1789120783139,2,5306.43,5192.53642563169,1,止盈,"多信号: close 5192.5>EMA50 4857.3, 阳线实体68%, MACD dif>dea"
BTC-USDT-SWAP,long,-9.726828318065625,pos809,1789127983139,1789111783139,2,87952.0,88836.28868746283,1,止损,"多信号: close 88836.2>EMA50 86917.7, 阳线实体55%, MACD dif>dea"
ETH-USDT-SWAP,long,12.325630262306037,pos810,1789128883139,1789125283139,2,5414.41,5285.803590581649,1,止盈,"多信号: close 5285.8>EMA50 4925.8, 阳线实体53%, MACD dif>dea"
ETH-USDT-SWAP,long,12.353052914945057,pos813,1789134283139,1789130683139,2,5568.5,5439.465488106496,1,止盈,"多信号: close 5439.5>EMA50 5021.6, 阳线实体63%, MACD dif>dea"
ETH-USDT-SWAP,long,12.91177531837511,pos818,1789142383139,1789134283139,2,5720.0,5585.229632000249,1,止盈,"多信号: close 5585.2>EMA50 5095.8, 阳线实体51%, MACD dif>dea"
BTC-USDT-SWAP,short,4.864776126369333,pos821,1789145983139,1789137883139,2,87285.40000000001,87859.45003765577,1,止损,"空信号: close 87859.6<EMA50 87953.6, 阴线实体69%, MACD dif<dea"
ETH-USDT-SWAP,long,16.345580122184945,pos822,1789149583139,1789144183139,2,5974.82,5805.474051752274,1,止盈,"多信号: close 5805.5>EMA50 5292.1, 阳线实体72%, MACD dif>dea"
BTC-USDT-SWAP,long,5.195171985577605,pos827,1789163083139,1789151383139,2,88157.0,87549.62948669889,1,止损,"多信号: close 87549.5>EMA50 87533.0, 阳线实体45%, MACD dif>dea"
BTC-USDT-SWAP,long,-10.669253040457365,pos830,1789169383139,1789164883139,2,87375.1,88354.16067370889,1,止损,"多信号: close 88354.1>EMA50 87756.2, 阳线实体68%, MACD dif>dea"
ETH-USDT-SWAP,long,15.867856364552622,pos831,1789174783139,1789149583139,2,6161.2699999999995,5996.512545081932,1,止盈,"多信号: close 5996.5>EMA50 5419.7, 阳线实体87%, MACD dif>dea"
ETH-USDT-SWAP,long,16.402788033631822,pos836,1789182883139,1789176583139,2,6377.68,6207.35959986375,1,止盈,"多信号: close 6207.3>EMA50 5840.4, 阳线实体77%, MACD dif>dea"
BTC-USDT-SWAP,short,11.409140754337656,pos837,1789184683139,1789176583139,2,86242.1,87469.870060464,1,止盈,"空信号: close 87470.0<EMA50 87813.2, 阴线实体77%, MACD dif<dea"
BTC-USDT-SWAP,short,9.715414534022095,pos842,1789190983139,1789185583139,2,85192.00000000001,86249.26208444445,1,止盈,"空信号: close 86249.4<EMA50 87435.6, 阴线实体54%, MACD dif<dea"
BTC-USDT-SWAP,short,9.588516410938933,pos845,1789198183139,1789193683139,2,83971.30000000002,85014.64461340061,1,止盈,"空信号: close 85014.7<EMA50 86881.1, 阴线实体52%, MACD dif<dea"
ETH-USDT-SWAP,long,5.898181297268265,pos848,1789199083139,1789184683139,2,6529.17,6463.691756149243,1,止损,"多信号: close 6463.7>EMA50 5978.2, 阳线实体97%, MACD dif>dea"
BTC-USDT-SWAP,short,3.6064901004997214,pos849,1789208083139,1789198183139,2,83237.30000000002,83681.4083642321,1,止损,"空信号: close 83681.5<EMA50 86458.3, 阴线实体81%, MACD dif<dea"
BTC-USDT-SWAP,short,8.712661122449985,pos854,1789234183139,1789218883139,2,80752.1,81704.59445947474,1,止盈,"空信号: close 81704.7<EMA50 84344.0, 阴线实体77%, MACD dif<dea"
BTC-USDT-SWAP,short,-7.417205232569325,pos857,1789237783139,1789235983139,2,80975.30000000002,80314.22423886252,1,止损,"空信号: close 80314.3<EMA50 82888.2, 阴线实体98%, MACD dif<dea"
BTC-USDT-SWAP,short,12.217393720300894,pos860,1789240483139,1789239583139,2,77756.70000000001,79056.84614510265,1,止盈,"空信号: close 79056.9<EMA50 82454.0, 阴线实体95%, MACD dif<dea"
BTC-USDT-SWAP,short,-11.56232398581833,pos863,1789241383139,1789240483139,2,78753.80000000002,77675.78239261449,1,止损,"空信号: close 77675.9<EMA50 82266.7, 阴线实体86%, MACD dif<dea"
ETH-USDT-SWAP,long,9.977078827918108,pos864,1789241383139,1789228783139,2,6791.75,6685.240716362638,1,止盈,"多信号: close 6685.2>EMA50 6501.2, 阳线实体51%, MACD dif>dea"
BTC-USDT-SWAP,short,14.549960836975389,pos867,1789244083139,1789242283139,2,76187.40000000001,77719.34945842676,1,止盈,"空信号: close 77719.4<EMA50 81950.6, 阴线实体98%, MACD dif<dea"
BTC-USDT-SWAP,short,15.683795068011701,pos870,1789246783139,1789244083139,2,74609.40000000001,76253.21081220728,1,止盈,"空信号: close 76253.3<EMA50 81535.8, 阴线实体73%, MACD dif<dea"
ETH-USDT-SWAP,long,9.628376209230325,pos873,1789253983139,1789248583139,2,6923.19,6820.034625594899,1,止盈,"多信号: close 6820.0>EMA50 6641.9, 阳线实体52%, MACD dif>dea"
ETH-USDT-SWAP,long,9.417771872150848,pos876,1789260283139,1789255783139,2,7087.5599999999995,6986.345328614184,1,止盈,"多信号: close 6986.3>EMA50 6713.6, 阳线实体84%, MACD dif>dea"
ETH-USDT-SWAP,long,9.540132962273928,pos879,1789264783139,1789260283139,2,7213.99,7111.4259623960625,1,止盈,"多信号: close 7111.4>EMA50 6776.2, 阳线实体68%, MACD dif>dea"
ETH-USDT-SWAP,long,9.650548197167012,pos882,1789270183139,1789267483139,2,7298.08,7194.328313871394,1,止盈,"多信号: close 7194.3>EMA50 6880.9, 阳线实体97%, MACD dif>dea"
ETH-USDT-SWAP,long,10.460883485255744,pos885,1789273783139,1789270183139,2,7406.8099999999995,7294.850334979952,1,止盈,"多信号: close 7294.8>EMA50 6921.9, 阳线实体53%, MACD dif>dea"
ETH-USDT-SWAP,long,10.018672721732923,pos888,1789275583139,1789273783139,2,7544.18,7436.502931317013,1,止盈,"多信号: close 7436.5>EMA50 6989.4, 阳线实体89%, MACD dif>dea"
ETH-USDT-SWAP,long,1.2445764601083307,pos891,1789278283139,1789275583139,2,7570.12,7550.114118339747,1,止损,"多信号: close 7550.1>EMA50 7031.0, 阳线实体48%, MACD dif>dea"
ETH-USDT-SWAP,long,14.227999783553567,pos894,1789283683139,1789280083139,2,7855.24,7705.17979226833,1,止盈,"多信号: close 7705.2>EMA50 7139.9, 阳线实体57%, MACD dif>dea"
ETH-USDT-SWAP,long,3.0469919910361236,pos897,1789291783139,1789285483139,2,7932.69,7894.306581798739,1,止损,"多信号: close 7894.3>EMA50 7283.7, 阳线实体69%, MACD dif>dea"
ETH-USDT-SWAP,long,-15.34997503347054,pos900,1789298083139,1789295383139,2,8127.9,8273.199200734338,1,止损,"多信号: close 8273.2>EMA50 7546.1, 阳线实体81%, MACD dif>dea"
BTC-USDT-SWAP,short,12.540432136699264,pos903,1789310683139,1789301683139,2,70787.6,72113.09356045016,1,止盈,"空信号: close 72113.2<EMA50 73619.0, 阴线实体86%, MACD dif<dea"
BTC-USDT-SWAP,short,9.591630049851092,pos908,1789333183139,1789326883139,2,69401.00000000001,70430.07854425725,1,止盈,"空信号: close 70430.2<EMA50 72011.7, 阴线实体51%, MACD dif<dea"
ETH-USDT-SWAP,long,-19.412439054687027,pos911,1789334983139,1789330483139,2,8227.539999999999,8413.343948572583,1,止损,"多信号: close 8413.3>EMA50 8098.3, 阳线实体60%, MACD dif>dea"
BTC-USDT-SWAP,short,-8.745769741694094,pos914,1789346683139,1789333183139,2,70263.8,69459.08446806463,1,止损,"空信号: close 69459.2<EMA50 71551.2, 阴线实体51%, MACD dif<dea"
ETH-USDT-SWAP,short,-20.23714079347786,pos917,1789374583139,1789339483139,2,8318.220000000001,8124.0697369336895,1,止损,"空信号: close 8124.1<EMA50 8144.9, 阴线实体66%, MACD dif<dea"
BTC-USDT-SWAP,long,10.005688490769636,pos918,1789375483139,1789370983139,2,71373.8,70302.39305439584,1,止盈,"多信号: close 70302.3>EMA50 70154.4, 阳线实体63%, MACD dif>dea"
BTC-USDT-SWAP,long,1.538039673536856,pos923,1789386283139,1789380883139,2,72043.09999999999,71817.36579974643,1,止损,"多信号: close 71817.3>EMA50 70534.5, 阳线实体86%, MACD dif>dea"
ETH-USDT-SWAP,short,-9.053920240181032,pos924,1789389883139,1789384483139,2,8298.1,8215.817756476428,1,止损,"空信号: close 8215.8<EMA50 8238.7, 阴线实体78%, MACD dif<dea"
ETH-USDT-SWAP,long,2.319503662912734,pos929,1789398883139,1789396183139,2,8416.71,8385.1140513452,1,止损,"多信号: close 8385.1>EMA50 8253.2, 阳线实体77%, MACD dif>dea"
BTC-USDT-SWAP,long,13.953087427247834,pos932,1789402483139,1789397983139,2,74957.0,73487.46902276383,1,止盈,"多信号: close 73487.4>EMA50 71689.9, 阳线实体46%, MACD dif>dea"
BTC-USDT-SWAP,long,-11.822242011231715,pos935,1789407883139,1789402483139,2,73901.0,75008.76931646494,1,止损,"多信号: close 75008.7>EMA50 72147.8, 阳线实体99%, MACD dif>dea"
ETH-USDT-SWAP,short,-15.395725617224372,pos936,1789415983139,1789401583139,2,8327.76,8182.0576526540835,1,止损,"空信号: close 8182.1<EMA50 8270.8, 阴线实体46%, MACD dif<dea"
ETH-USDT-SWAP,long,-14.131135638800366,pos939,1789420483139,1789417783139,2,8115.14,8248.269651562223,1,止损,"多信号: close 8248.3>EMA50 8235.7, 阳线实体73%, MACD dif>dea"
ETH-USDT-SWAP,long,-21.782035731022077,pos942,1789438483139,1789431283139,2,8328.289999999999,8537.677373623408,1,止损,"多信号: close 8537.7>EMA50 8255.1, 阳线实体51%, MACD dif>dea"
ETH-USDT-SWAP,short,4.059042986018727,pos947,1789448383139,1789442083139,2,8259.29,8308.164156938657,1,止损,"空信号: close 8308.2<EMA50 8315.6, 阴线实体68%, MACD dif<dea"
BTC-USDT-SWAP,short,3.875379477152592,pos950,1789452883139,1789442983139,2,73687.00000000001,74148.45567555305,1,止损,"空信号: close 74148.6<EMA50 74613.5, 阴线实体74%, MACD dif<dea"
ETH-USDT-SWAP,short,-18.51861503595462,pos951,1789457383139,1789450183139,2,8293.880000000001,8116.899239260085,1,止损,"空信号: close 8116.9<EMA50 8284.3, 阴线实体58%, MACD dif<dea"
ETH-USDT-SWAP,short,-19.796463936903685,pos956,1789470883139,1789463683139,2,8332.51,8142.783007134531,1,止损,"空信号: close 8142.8<EMA50 8236.5, 阴线实体75%, MACD dif<dea"
BTC-USDT-SWAP,short,9.322414867385564,pos957,1789472683139,1789469083139,2,71685.50000000001,72689.92920133924,1,止盈,"空信号: close 72690.0<EMA50 73779.7, 阴线实体79%, MACD dif<dea"
